id,khm_no,part,title_de,title_en,atu_type,atu_episode_types,type_note,aarne_1910_types,first_edition,wikisource_de
khm-001,KHM 1,KHM,Der Froschkönig oder der eiserne Heinrich,"The Frog King, or Iron Heinrich",440,,Type 440,440,1812/15,https://de.wikisource.org/wiki/Der_Froschkönig_oder_der_eiserne_Heinrich
khm-002,KHM 2,KHM,Katze und Maus in Gesellschaft,Cat and Mouse in Partnership,15,,"Type 15, Stealing the Partner's Butter",,1812/15,https://de.wikisource.org/wiki/Katze_und_Maus_in_Gesellschaft
khm-003,KHM 3,KHM,Marienkind,Mary's Child,710,,Type 710,710,1812/15,https://de.wikisource.org/wiki/Marienkind
khm-004,KHM 4,KHM,"Märchen von einem, der auszog das Fürchten zu lernen",The Story of a Boy Who Went Forth to Learn Fear,326,,Type 326,326,1812/15,https://de.wikisource.org/wiki/Gut_Kegel-_und_Kartenspiel
khm-005,KHM 5,KHM,Der Wolf und die sieben jungen Geißlein,The Wolf and the Seven Young Kids,123,,Type 123,123; 333,1812/15,https://de.wikisource.org/wiki/Der_Wolf_und_die_sieben_jungen_Geißlein
khm-006,KHM 6,KHM,Der treue Johannes,Faithful Johannes,516,,Type 516,516,1819,https://de.wikisource.org/wiki/Der_treue_Johannes
khm-007,KHM 7,KHM,Der gute Handel,The Good Bargain,1642,1610,"Type 1642. Includes an episode of type 1610, Sharing Strokes with the King's Guard",1610; 1642,1819,https://de.wikisource.org/wiki/Der_gute_Handel
khm-008,KHM 8,KHM,Der wunderliche Spielmann,The Strange Musician,151,1159,"Type 151, Music Lessons for Wild Animals. Cf. type 1159, Catching the Would-Be Musician in a Crack",151,1819,https://de.wikisource.org/wiki/Der_wunderliche_Spielmann
khm-009,KHM 9,KHM,Die zwölf Brüder,The Twelve Brothers,451,,"Type 451, The Brothers Who Were Turned into Birds",451,1812/15,https://de.wikisource.org/wiki/Die_zwölf_Brüder
khm-010,KHM 10,KHM,Das Lumpengesindel,The Pack of Scoundrels,210,,"Type 210, The Traveling Animals and the Wicked Man",210,1812/15,https://de.wikisource.org/wiki/Das_Lumpengesindel
khm-011,KHM 11,KHM,Brüderchen und Schwesterchen,Little Brother and Little Sister,450,,Type 450,450,1812/15,https://de.wikisource.org/wiki/Brüderchen_und_Schwesterchen
khm-012,KHM 12,KHM,Rapunzel,Rapunzel,310,,"Type 310, The Maiden in the Tower",310,1812/15,https://de.wikisource.org/wiki/Rapunzel
khm-013,KHM 13,KHM,Die drei Männlein im Walde,The Three Little Men in the Woods,403B,480,"Type 403B, The Black and the White Bride. Includes an episode of type 480, The Kind and the Unkind Girls",403 B,1812/15,https://de.wikisource.org/wiki/Die_drei_Männlein_im_Walde
khm-014,KHM 14,KHM,Die drei Spinnerinnen,The Three Spinning Women,501,,Type 501,501,1812/15,https://de.wikisource.org/wiki/Von_dem_bösen_Flachsspinnen
khm-015,KHM 15,KHM,Hänsel und Gretel,Hansel and Gretel,327A,1121,"Type 327A. Includes an episode of type 1121, Burning the Witch in Her Own Oven",327 A,1812/15,https://de.wikisource.org/wiki/Hänsel_und_Gretel
khm-016,KHM 16,KHM,Die drei Schlangenblätter,The Three Snake-Leaves,612,,Type 612,612,1819,https://de.wikisource.org/wiki/Die_drei_Schlangenblätter
khm-017,KHM 17,KHM,Die weiße Schlange,The White Snake,673,554,"Type 673. Includes an episode of type 554, The Grateful Animals",554,1812/15,https://de.wikisource.org/wiki/Die_weiße_Schlange
khm-018,KHM 18,KHM,"Strohhalm, Kohle und Bohne","Straw, Coal, and Bean",295,,Type 295,,1812/15,"https://de.wikisource.org/wiki/Strohhalm,_Kohle_und_Bohne"
khm-019,KHM 19,KHM,Von dem Fischer un syner Fru,The Fisherman and His Wife,555,,Type 555,555,1812/15,https://de.wikisource.org/wiki/Vom_Fischer_und_seiner_Frau
khm-020,KHM 20,KHM,Das tapfere Schneiderlein,The Brave Little Tailor,1640,1060; 1062; 1052; 1051; 1115,"Type 1640. Includes episodes of type 1060, Squeezing Water from a Stone; type 1062, A Contest in Throwing Stones; type 1052, A Contest in Carrying a Tree; type 1051, Springing with a Bent Tree; type 1115, Attempting to Kill the Hero in His Bed",1051; 1052; 1060; 1062; 1115; 1640,1812/15,https://de.wikisource.org/wiki/Das_tapfere_Schneiderlein
khm-021,KHM 21,KHM,Aschenputtel,Cinderella,510A,,Type 510A,510 A,1812/15,https://de.wikisource.org/wiki/Aschenputtel
khm-022,KHM 22,KHM,Das Rätsel,The Riddle,851,,"Type 851, Winning the Princess with a Riddle",851,1819,https://de.wikisource.org/wiki/Das_Rätsel
khm-023,KHM 23,KHM,"Von dem Mäuschen, Vögelchen und der Bratwurst","The Mouse, the Bird, and the Sausage",85,,Type 85,85,1812/15,"https://de.wikisource.org/wiki/Von_dem_Mäuschen,_Vögelchen_und_der_Bratwurst"
khm-024,KHM 24,KHM,Frau Holle,Frau Holle,480,,"Type 480, The Kind and the Unkind Girls",480,1812/15,https://de.wikisource.org/wiki/Frau_Holle
khm-025,KHM 25,KHM,Die sieben Raben,The Seven Ravens,451,,"Type 451, The Brothers Who Were Turned into Birds",,1812/15,https://de.wikisource.org/wiki/Die_drei_Raben
khm-026,KHM 26,KHM,Rotkäppchen,Little Red Cap,333,,"Type 333, Red Riding Hood",333,1812/15,https://de.wikisource.org/wiki/Rotkäppchen
khm-027,KHM 27,KHM,Die Bremer Stadtmusikanten,The Bremen Town Musicians,130,,"Type 130, Outcast Animals Find a New Home",130 B,1819,https://de.wikisource.org/wiki/Die_Bremer_Stadtmusikanten
khm-028,KHM 28,KHM,Der singende Knochen,The Singing Bone,780,,Type 780,780,1812/15,https://de.wikisource.org/wiki/Der_singende_Knochen
khm-029,KHM 29,KHM,Der Teufel mit den drei goldenen Haaren,The Devil with the Three Golden Hairs,461,930,"Type 461, Three Hairs from the Devil; type 930, The Prophecy That a Poor Boy Will Marry a Rich Girl",461,1812/15,https://de.wikisource.org/wiki/Der_Teufel_mit_den_drei_goldenen_Haaren
khm-030,KHM 30,KHM,Läuschen und Flöhchen,Little Louse and Little Flea,2022,,"Type 2022, An Animal Mourns the Death of a Spouse",,1812/15,https://de.wikisource.org/wiki/Läuschen_und_Flöhchen
khm-031,KHM 31,KHM,Das Mädchen ohne Hände,The Girl without Hands,706,,Type 706,706,1812/15,https://de.wikisource.org/wiki/Das_Mädchen_ohne_Hände
khm-032,KHM 32,KHM,Der gescheite Hans,Clever Hans,1696,,"Type 1696, What Should I Have Said (or Done)?",,1812/15,https://de.wikisource.org/wiki/Der_gescheite_Hans
khm-033,KHM 33,KHM,Die drei Sprachen,The Three Languages,671,,Type 671,671,1819,https://de.wikisource.org/wiki/Die_drei_Sprachen
khm-034,KHM 34,KHM,Die kluge Else,Clever Elsie,1450,1383,"Type 1450. Ends with an episode of type 1383, A Woman Does Not Know Herself",1383; 1450,1819,https://de.wikisource.org/wiki/Die_kluge_Else
khm-035,KHM 35,KHM,Der Schneider im Himmel,The Tailor in Heaven,800,,Type 800,800,1819,https://de.wikisource.org/wiki/Der_Schneider_im_Himmel
khm-036,KHM 36,KHM,"Tischchendeckdich, Goldesel und Knüppel aus dem Sack","Table-Be-Set, Gold-Donkey, and Cudgel-out-of-the-Sack",563,212,"Type 563, introduced by type 212, The Goat That Lied",563,1812/15,"https://de.wikisource.org/wiki/Tischchen_deck_dich,_Goldesel_und_Knüppel_aus_dem_Sack"
khm-037,KHM 37,KHM,Daumesdick,Thumbthick,700,41,"Type 700, Tom Thumb. Includes an episode of type 41, Overeating in the Pantry",700,1819,https://de.wikisource.org/wiki/Daumesdick
khm-038,KHM 38,KHM,Die Hochzeit der Frau Füchsin,Mrs. Fox's Wedding,65,,"Two tales. Type 65, Mrs. Fox's Suitors.",65,1812/15,https://de.wikisource.org/wiki/Die_Hochzeit_der_Frau_Füchsin
khm-039,KHM 39,KHM,Die Wichtelmänner,The Elves,503*,7015; 476*; 5070; 5085,"Three tales. Tale one: type 503*, Helpful Elves. Also categorized as a migratory legend, type 7015. Tale two: type 476*, A Midwife (or Godmother) for the Elves. Also categorized as a migratory legend, type 5070. Tale three: migratory legend, type 5085, The Changeling.",,1812/15,https://de.wikisource.org/wiki/Die_Wichtelmänner
khm-040,KHM 40,KHM,Der Räuberbräutigam,The Robber Bridegroom,955,,Type 955,955,1812/15,https://de.wikisource.org/wiki/Der_Räuberbräutigam
khm-041,KHM 41,KHM,Herr Korbes,Herr Korbes,210,,"Type 210, The Traveling Animals and the Wicked Man",,1812/15,https://de.wikisource.org/wiki/Herr_Korbes
khm-042,KHM 42,KHM,Der Herr Gevatter,The Godfather,332,,"Type 332, Godfather Death",332,1812/15,https://de.wikisource.org/wiki/Der_Herr_Gevatter
khm-043,KHM 43,KHM,Frau Trude,Frau Trude,334,,"Type 334, At the Witch's House",,1837,https://de.wikisource.org/wiki/Frau_Trude
khm-044,KHM 44,KHM,Der Gevatter Tod,Godfather Death,332,,Type 332,332,1812/15,https://de.wikisource.org/wiki/Der_Gevatter_Tod
khm-045,KHM 45,KHM,,Thumbling's Travels,700,,"Type 700, Tom Thumb",700,1812/15,https://de.wikisource.org/wiki/Daumerlings_Wanderschaft
khm-046,KHM 46,KHM,Fitchers Vogel,Fitcher's Bird,311,312,"Type 311, The Heroine Rescues Herself and Her Sisters. Similar to type 312, Bluebeard",311,1812/15,https://de.wikisource.org/wiki/Fitchers_Vogel
khm-047,KHM 47,KHM,Von dem Machandelboom,The Juniper Tree,720,,"Type 720, My Mother Killed Me; My Father Ate Me",720,1812/15,https://de.wikisource.org/wiki/Vom_Machandelbaum
khm-048,KHM 48,KHM,Der alte Sultan,Old Sultan,101,103; 104,"Type 101, The Old Dog Rescues the Child. Concludes with an episode of type 103, Wild Animals Hide from an Unfamiliar Animal, and of type 104, War between the Village Animals and the Forest Animals",101; 103; 104,1812/15,https://de.wikisource.org/wiki/Der_alte_Sultan
khm-049,KHM 49,KHM,Die sechs Schwäne,The Six Swans,451,,"Type 451, The Brothers Who Were Turned into Birds",451,1812/15,https://de.wikisource.org/wiki/Die_sechs_Schwäne
khm-050,KHM 50,KHM,Dornröschen,Little Brier-Rose,410,,"Type 410, Sleeping Beauty",410,1812/15,https://de.wikisource.org/wiki/Dornröschen
khm-051,KHM 51,KHM,Fundevogel,Foundling-Bird,313,,"Type 313, The Girl Helps the Hero Flee",313 A,1812/15,https://de.wikisource.org/wiki/Fundevogel
khm-052,KHM 52,KHM,König Drosselbart,King Thrushbeard,900,,Type 900,900,1812/15,https://de.wikisource.org/wiki/König_Drosselbart
khm-053,KHM 53,KHM,Sneewittchen,Little Snow-White,709,,Type 709,709,1812/15,https://de.wikisource.org/wiki/Schneewittchen
khm-054,KHM 54,KHM,"Der Ranzen, das Hütlein und das Hörnlein","The Knapsack, the Hat, and the Horn",569,,Type 569,569,1819,"https://de.wikisource.org/wiki/Der_Ranzen,_das_Hütlein_und_das_Hörnlein"
khm-055,KHM 55,KHM,Rumpelstilzchen,Rumpelstiltskin,500,,"Type 500, Guessing the Helper's Name",500,1812/15,https://de.wikisource.org/wiki/Rumpelstilzchen
khm-056,KHM 56,KHM,Der Liebste Roland,Sweetheart Roland,1119,313,"Type 1119, Ogres Kill Their Own Children, followed by type 313, The Girl Helps the Hero Flee; the Forgotten Fiancée",313 C,1812/15,https://de.wikisource.org/wiki/Der_Liebste_Roland
khm-057,KHM 57,KHM,Der goldene Vogel,The Golden Bird,550,,Type 550,550,1812/15,https://de.wikisource.org/wiki/Der_goldene_Vogel
khm-058,KHM 58,KHM,Der Hund und der Sperling,The Dog and the Sparrow,248,,"Type 248, The Man, the Dog, and the Bird",248,1812/15,https://de.wikisource.org/wiki/Der_Hund_und_der_Sperling
khm-059,KHM 59,KHM,Der Frieder und das Catherlieschen,Freddy and Katy Lizzy,,,"Types 1387, A Woman Draws Beer in the Cellar; 1385*, A Woman Loses Her Husband's Money; 1291B, A Fool Greeses the Cracked Earth with Butter; 1291, Sending One Cheese After Another; 1653A, Securing the Door; 1653, The Robbers under the Tree; 1383, A Woman Does Not Know Herself; 1791, Dividing Up the Dead",1291; 1383; 1386; 1387; 1653; 1791,1819,https://de.wikisource.org/wiki/Der_Frieder_und_das_Katherlieschen
khm-060,KHM 60,KHM,Die zwei Brüder,The Two Brothers,567A,303; 300,"Type 567A, The Magic Bird Heart; followed by type 303, The Blood Brothers. Includes an episode of type 300, The Dragon Slayer",303; 567,1819,https://de.wikisource.org/wiki/Die_zwei_Brüder
khm-061,KHM 61,KHM,Das Bürle,The Little Peasant,1535,1737; 1539,"Type 1535, The Rich Peasant and the Poor Peasant. Includes an episode of type 1737, Trading Places with the Trickster in a Sack. Similar to type 1539, Tricksters and Their Victims",1535,1819,https://de.wikisource.org/wiki/Das_Bürle
khm-062,KHM 62,KHM,Die Bienenkönigin,The Queen Bee,554,,"Type 554, The Grateful Animals",554,1819,https://de.wikisource.org/wiki/Die_Bienenkönigin
khm-063,KHM 63,KHM,Die drei Federn,The Three Feathers,402,,"Type 402, The Animal Bride",402,1819,https://de.wikisource.org/wiki/Die_drei_Federn
khm-064,KHM 64,KHM,Die goldene Gans,The Golden Goose,571,513B,"Type 571, All Stick Together, plus an episode of type 513B, The Land and Water Ship",571,1819,https://de.wikisource.org/wiki/Die_goldene_Gans
khm-065,KHM 65,KHM,Allerleirauh,All-Kinds-Of-Fur,510B,,"Type 510B, A King Tries to Marry His Daughter",510 B,1812/15,https://de.wikisource.org/wiki/Allerleirauh
khm-066,KHM 66,KHM,Häsichenbraut,The Hare's Bride,311,,"Type 311, The Heroine Rescues Herself and Her Sisters",311?,1819,https://de.wikisource.org/wiki/Häsichenbraut
khm-067,KHM 67,KHM,Die zwölf Jäger,The Twelve Huntsmen,884,,"Type 884, The Forsaken Fiancée",884,1812/15,https://de.wikisource.org/wiki/Der_König_mit_dem_Löwen
khm-068,KHM 68,KHM,De Gaudeif un sien Meester,The Thief and His Master,325,,"Type 325, The Magician and His Pupil",325,1819,https://de.wikisource.org/wiki/De_Gaudeif_un_sien_Meester
khm-069,KHM 69,KHM,Jorinde und Joringel,Jorinde and Joringel,405,,Type 405,405,1812/15,https://de.wikisource.org/wiki/Jorinde_und_Joringel
khm-070,KHM 70,KHM,Die drei Glückskinder,The Three Children of Fortune,1650,,"Type 1650, Three Brothers Inherit a Rooster, a Scythe, and a Cat. Includes episodes of types 1202, Harvesting Grain with a Cannon; 1651, Dick Whittington and His Cat; and 1281, Burning the Barn to Destroy an Unknown Animal",1202; 1281; 1650,1819,https://de.wikisource.org/wiki/Die_drei_Glückskinder
khm-071,KHM 71,KHM,Sechse kommen durch die ganze Welt,How Six Men Got On in the World,513A,,Type 513A,513 A,1819,https://de.wikisource.org/wiki/Sechse_kommen_durch_die_ganze_Welt
khm-072,KHM 72,KHM,Der Wolf und der Mensch,The Wolf and the Man,157,,"Type 157, Learning to Fear Man",157,1819,https://de.wikisource.org/wiki/Der_Wolf_und_der_Mensch
khm-073,KHM 73,KHM,Der Wolf und der Fuchs,The Wolf and the Fox,41,,"Type 41, Overeating in the Pantry",41,1819,https://de.wikisource.org/wiki/Der_Wolf_und_der_Fuchs
khm-074,KHM 74,KHM,Der Fuchs und die Frau Gevatterin,The Fox and His Cousin,152A*,4,"Type 152A*, The Scalded Wolf, followed by type 4, Getting a Ride by Pretending to Be Injured",4,1819,https://de.wikisource.org/wiki/Der_Fuchs_und_die_Frau_Gevatterin
khm-075,KHM 75,KHM,Der Fuchs und die Katze,The Fox and the Cat,105,,"Type 105, The Cat's Only Trick",105,1819,https://de.wikisource.org/wiki/Der_Fuchs_und_die_Katze
khm-076,KHM 76,KHM,Die Nelke,The Carnation,652,,"Type 652, The Boy Whose Wishes Always Come True",652,1812/15,https://de.wikisource.org/wiki/Die_Nelke
khm-077,KHM 77,KHM,Das kluge Gretel,Clever Gretel,1741,,"Type 1741, The Guest Flees to Save His Ears",,1819,https://de.wikisource.org/wiki/Das_kluge_Gretel
khm-078,KHM 78,KHM,Der alte Großvater und der Enkel,The Old Grandfather and His Grandson,980,,"Type 980, The Ungrateful Son",,1812/15,https://de.wikisource.org/wiki/Der_alte_Großvater_und_der_Enkel
khm-079,KHM 79,KHM,Die Wassernixe,The Water Nixie,313,,"Type 313, The Girl Helps the Hero Flee",313 A?,1812/15,https://de.wikisource.org/wiki/Die_Wassernixe
khm-080,KHM 80,KHM,Von dem Tode des Hühnchens,The Death of the Little Hen,2021,2021A,Type 2021. Includes an episode of type 2021A The Cock Seeks Help for the Choking Hen,,1812/15,https://de.wikisource.org/wiki/Von_dem_Tode_des_Hühnchens
khm-081,KHM 81,KHM,Bruder Lustig,Brother Merry,785,753A; 330B; 330*,"Includes episodes of type 785, Who Ate the Lamb's Heart?; type 753A, The Unsuccessful Resuscitation; type 330B, The Devil in the Sack; type 330*, Entering Heaven by a Trick;",785; 330 A; 330 B,1819,https://de.wikisource.org/wiki/Bruder_Lustig
khm-082,KHM 82,KHM,De Spielhansl,Gambling Hansel,330A,,"Type 330A, The Smith's Three Wishes",330 A; 330 B,1819,https://de.wikisource.org/wiki/De_Spielhansl
khm-083,KHM 83,KHM,Hans im Glück,Hans in Luck,1415,,Type 1415,1415,1819,https://de.wikisource.org/wiki/Hans_im_Glück
khm-084,KHM 84,KHM,Hans heiratet,Hans Gets Married,,,"Types 859B, The Penniless Wooer: Money in Hand, and 859A, The Penniless Wooer: Patch of Land",,1819,https://de.wikisource.org/wiki/Hans_heiratet
khm-085,KHM 85,KHM,Die Goldkinder</a?,The Gold-Children,555,303,"Type 555, The Fisherman and His Wife, followed by type 303, Blood Brothers",303,1812/15,https://de.wikisource.org/wiki/Die_Goldkinder
khm-086,KHM 86,KHM,Der Fuchs und die Gänse,The Fox and the Geese,227,,"Type 227, The Geese's Eternal Prayer",227,1812/15,https://de.wikisource.org/wiki/Der_Fuchs_und_die_Gänse
khm-087,KHM 87,KHM,Der Arme und der Reiche,The Poor Man and the Rich Man,750A,,"Type 750A, Good Wishes and Foolish Wishes",750,1812/15,https://de.wikisource.org/wiki/Der_Arme_und_der_Reiche
khm-088,KHM 88,KHM,Das singende springende Löweneckerchen,"The Singing, Springing Lark",425C,,"Type 425C, Beauty and the Beast",425 C,1812/15,https://de.wikisource.org/wiki/Das_singende_springende_Löweneckerchen
khm-089,KHM 89,KHM,Die Gänsemagd,The Goose-Girl,533,,Type 533,533,1812/15,https://de.wikisource.org/wiki/Die_Gänsemagd
khm-090,KHM 90,KHM,Der junge Riese,The Young Giant,650A,700,"Type 650A. Introduced with an episode of type 700, Tom Thumb",650 A,1812/15,https://de.wikisource.org/wiki/Der_junge_Riese
khm-091,KHM 91,KHM,Dat Erdmänneken,The Gnome,301A,,"Type 301A, The Quest for the Vanished Princesses",301 A,1812/15,https://de.wikisource.org/wiki/Dat_Erdmänneken
khm-092,KHM 92,KHM,Der König vom goldenen Berge,The King of the Golden Mountain,401A,810; 560; 518,"Type 401A, The Enchanted Princess in Her Castle. Introduced with an episode of type 810, The Devil Loses a Soul That Was Promised Him. Includes episodes of type 560, The Magic Ring, and type 518, Quarreling Giants Lose Their Magic Objects",400; 810,1812/15,https://de.wikisource.org/wiki/Der_König_vom_goldenen_Berg
khm-093,KHM 93,KHM,Die Rabe,The Raven,401,518,"Type 401. The Girl Transformed into an Animal. Includes an episode of type 518, Quarreling Giants Lose Their Magic Objects",400,1812/15,https://de.wikisource.org/wiki/Die_Rabe
khm-094,KHM 94,KHM,Die kluge Bauerntochter,The Peasant's Clever Daughter,875,,Type 875,875,1812/15,https://de.wikisource.org/wiki/Die_kluge_Bauerntochter
khm-095,KHM 95,KHM,Der alte Hildebrand,Old Hildebrand,1360C,,Type 1360C,,1819,https://de.wikisource.org/wiki/Der_alte_Hildebrand
khm-096,KHM 96,KHM,De drei Vügelkens,The Three Little Birds,707,,"Type 707, The Dancing Water, the Singing Apple, and the Speaking Bird",707,1812/15,https://de.wikisource.org/wiki/De_drei_Vügelkens
khm-097,KHM 97,KHM,Das Wasser des Lebens,The Water of Life,551,,Type 551,551,1812/15,https://de.wikisource.org/wiki/Das_Wasser_des_Lebens
khm-098,KHM 98,KHM,Doktor Allwissend,Dr. Know-All,1641,,Type 1641,1641,1812/15,https://de.wikisource.org/wiki/Doktor_Allwissend
khm-099,KHM 99,KHM,Der Geist im Glas,The Spirit in the Glass Bottle,331,,Type 331,331,1812/15,https://de.wikisource.org/wiki/Der_Geist_im_Glas
khm-100,KHM 100,KHM,Des Teufels rußiger Bruder,The Devil's Sooty Brother,475,,"Type 475, Heating Hell's Kitchen",475,1812/15,https://de.wikisource.org/wiki/Des_Teufels_rußiger_Bruder
khm-101,KHM 101,KHM,Der Bärenhäuter,Bearskin,361,,Type 361,361,1812/15,https://de.wikisource.org/wiki/Der_Teufel_Grünrock
khm-102,KHM 102,KHM,Der Zaunkönig und der Bär,The Wren and the Bear,222,,"Type 222, The War between the Birds and the Beasts",222,1812/15,https://de.wikisource.org/wiki/Der_Zaunkönig_und_der_Bär
khm-103,KHM 103,KHM,Der süße Brei,Sweet Porridge,565,,"Type 565, The Magic Mill",565,1812/15,https://de.wikisource.org/wiki/Der_süße_Brei
khm-104,KHM 104,KHM,Die klugen Leute,The Clever People,1384,1385; 1540,"Type 1384, A Man Seeks Someone as Stupid as His Wife. Includes episodes of type 1385, A Woman Accepts Her Own Cow as Security, and type 1540, The Man from Paradise",1384; 1385; 1540,1857,https://de.wikisource.org/wiki/Die_klugen_Leute
khm-105,KHM 105,KHM,Märchen von der Unke,Tales of the Toad,285,672B; 2075,"Three tales. Tale 1: type 285, The Child and the Snake. Tale 2: type 672B, The Toad's Crown. Tale 3: type 2075 Imitating Animal Sounds",285,1812/15,https://de.wikisource.org/wiki/Märchen_von_der_Unke
khm-106,KHM 106,KHM,Der arme Müllerbursch und das Kätzchen,The Poor Miller's Boy and the Cat,402,,"Type 402, The Animal Bride",402,1812/15,https://de.wikisource.org/wiki/Der_arme_Müllerbursch_und_das_Kätzchen
khm-107,KHM 107,KHM,Die beiden Wanderer,The Two Travelers,613,554,"Type 613, followed by type 554, The Grateful Animals",613,1843,https://de.wikisource.org/wiki/Die_beiden_Wanderer
khm-108,KHM 108,KHM,Hans mein Igel,Hans-My-Hedgehog,441,,Type 441,441,1812/15,https://de.wikisource.org/wiki/Hans_mein_Igel
khm-109,KHM 109,KHM,Das Totenhemdchen,The Burial Shirt (The Little Shroud),769,,Type 769,,1812/15,https://de.wikisource.org/wiki/Das_Totenhemdchen
khm-110,KHM 110,KHM,Der Jude im Dorn,The Jew in the Thorns,592,,"Type 592, Dancing in Thorns",592,1812/15,https://de.wikisource.org/wiki/Der_Jude_im_Dorn
khm-111,KHM 111,KHM,Der gelernte Jäger,The Trained Huntsman,304,,Type 304,304,1812/15,https://de.wikisource.org/wiki/Der_gelernte_Jäger
khm-112,KHM 112,KHM,Der Dreschflegel vom Himmel,The Threshing-Flail from Heaven,,,"A combination of types 1960A, The Giant Animal; 1960G, The Giant Plant; and 1889K, A Rope Made of Chaff",852,1812/15,https://de.wikisource.org/wiki/Der_Dreschflegel_vom_Himmel
khm-113,KHM 113,KHM,De beiden Künigeskinner,The Two Kings' Children,313,,"Type 313, The Girl Helps the Hero Flee; the Forgotten Fiancée",313 C,1812/15,https://de.wikisource.org/wiki/De_beiden_Künigeskinner
khm-114,KHM 114,KHM,Vom klugen Schneiderlein,The Clever Little Tailor,850,1061,"An expurgated version of type 850, The Princess's Birthmarks. Includes episodes of type 1061, Biting Stones and 1159, Catching the Would-Be Musician in a Crack (expurgated)",850,1812/15,https://de.wikisource.org/wiki/Vom_klugen_Schneiderlein
khm-115,KHM 115,KHM,Die klare Sonne bringt's an den Tag,The Bright Sun Will Bring It to Light,960,,"Type 960, The Sun Brings All to Light",960,1812/15,https://de.wikisource.org/wiki/Die_klare_Sonne_bringt’s_an_den_Tag
khm-116,KHM 116,KHM,Das blaue Licht,The Blue Light,562,,"Type 562, The Spirit in the Blue Light",562,1812/15,https://de.wikisource.org/wiki/Das_blaue_Licht
khm-117,KHM 117,KHM,Das eigensinnige Kind,The Willful Child,779,,"Type 779, Divine Rewards and Punishments",,1812/15,https://de.wikisource.org/wiki/Das_eigensinnige_Kind
khm-118,KHM 118,KHM,Die drei Feldscherer,The Three Army Surgeons,660,,"Type 660, The Three Doctors",660,1812/15,https://de.wikisource.org/wiki/Die_drei_Feldscherer
khm-119,KHM 119,KHM,Die sieben Schwaben,The Seven Swabians,1321,1231; 1297*,"Several episodes, mostly of type 1321, Fools Are Frightened. One episode is type 1231, Planning the Attack on a Hare. Conclusion belongs to type 1297*, Fools Walk into a River and Drown",,1819,https://de.wikisource.org/wiki/Die_sieben_Schwaben
khm-120,KHM 120,KHM,Die drei Handwerksburschen,The Three Journeymen,360,1697,"Type 360, The Three Apprentices and the Devil. Similar to type 1697, We Three, for Money",360; 1697,1812/15,https://de.wikisource.org/wiki/Die_drei_Handwerksburschen
khm-121,KHM 121,KHM,"Der Königssohn, der sich vor nichts fürchtet",The King's Son Who Is Afraid of Nothing,590,401A,"Type 590, The Magic Belt; and type 401A, The Enchanted Princess in Her Castle",,1819,"https://de.wikisource.org/wiki/Der_Königssohn,_der_sich_vor_nichts_fürchtet"
khm-122,KHM 122,KHM,Der Krautesel,The Cabbage-Donkey,567,566,"Type 567, The Magic Bird Heart. Similar to type 566, Fruit That Grows Horns (Fortunatus)",566; 567,1819,https://de.wikisource.org/wiki/Der_Krautesel
khm-123,KHM 123,KHM,Die Alte im Wald,The Old Woman in the Woods,442,,Type 442,442,1812/15,https://de.wikisource.org/wiki/Die_Alte_im_Wald
khm-124,KHM 124,KHM,Die drei Brüder,The Three Brothers,654,,"Type 654, Which Brother Has the Best Skill?",654,1812/15,https://de.wikisource.org/wiki/Die_drei_Brüder
khm-125,KHM 125,KHM,Der Teufel und seine Großmutter,The Devil and His Grandmother,812,,"Type 812, The Devil's Riddle",812,1812/15,https://de.wikisource.org/wiki/Der_Teufel_und_seine_Großmutter
khm-126,KHM 126,KHM,Ferenand getrü un Ferenand ungetrü,Ferdinand the Faithful and Ferdinand the Unfaithful,531,,Type 531,531,1812/15,https://de.wikisource.org/wiki/Ferenand_getrü_und_Ferenand_ungetrü
khm-127,KHM 127,KHM,Der Eisenofen,The Iron Stove,425A,,"Type 425A, The Animal Bridegroom",425 A,1812/15,https://de.wikisource.org/wiki/Der_Eisenofen
khm-128,KHM 128,KHM,Die faule Spinnerin,The Lazy Spinning Woman,1405,,Type 1405,1405,1812/15,https://de.wikisource.org/wiki/Die_faule_Spinnerin
khm-129,KHM 129,KHM,Die vier kunstreichen Brüder,The Four Skillful Brothers,653,,Type 653,653,1819,https://de.wikisource.org/wiki/Die_vier_kunstreichen_Brüder
khm-130,KHM 130,KHM,"Einäuglein, Zweiäuglein und Dreiäuglein","One-Eye, Two-Eyes, and Three-Eyes",511,,Type 511,511,1819,"https://de.wikisource.org/wiki/Einäuglein,_Zweiäuglein_und_Dreiäuglein"
khm-131,KHM 131,KHM,Die schöne Katrinelje und Pif Paf Poltrie,Fair Katrinelje and Pif Paf Poltrie,2019,,Type 2019,,1812/15,https://de.wikisource.org/wiki/Die_schöne_Katrinelje_und_Pif_Paf_Poltrie
khm-132,KHM 132,KHM,Der Fuchs und das Pferd,The Fox and the Horse,47A,,"Type 47A, Catching a Horse by the Tail",47,1812/15,https://de.wikisource.org/wiki/Der_Fuchs_und_das_Pferd
khm-133,KHM 133,KHM,Die zertanzten Schuhe,The Shoes That Were Danced to Pieces,306,,"Type 306, The Danced-Out Shoes",306,1812/15,https://de.wikisource.org/wiki/Die_zertanzten_Schuhe
khm-134,KHM 134,KHM,Die sechs Diener,The Six Servants,513A,,"Type 513A, Six Go through the Whole World",513 A,1812/15,https://de.wikisource.org/wiki/Die_sechs_Diener
khm-135,KHM 135,KHM,Die weiße und die schwarze Braut,The White Bride and the Black Bride,403A,,"Type 403A, The Black and the White Bride: The Wishes",403 A,1812/15,https://de.wikisource.org/wiki/Die_weiße_und_die_schwarze_Braut
khm-136,KHM 136,KHM,Der Eisenhans,Iron Hans,502,,"Type 502, The Wild Man as a Helper",502,1850,https://de.wikisource.org/wiki/Der_Eisenhans
khm-137,KHM 137,KHM,De drei schwatten Prinzessinnen,The Three Black Princesses,401A,,"Similar to type 401A, The Enchanted Princess in Her Castle",,1812/15,https://de.wikisource.org/wiki/De_drei_schwatten_Prinzessinnen
khm-138,KHM 138,KHM,Knoist un sine dre Sühne,Knoist and His Three Sons,1965,1963,"Type 1965. Includes an episode of type 1963, Sailing in a Bottomless Boat",,1812/15,https://de.wikisource.org/wiki/Knoist_un_sine_dre_Sühne
khm-139,KHM 139,KHM,Dat Mäken von Brakel,The Girl from Brakel,1476A,,"Type 1476A, Praying to the Statue's Mother",,1812/15,https://de.wikisource.org/wiki/Dat_Mäken_von_Brakel
khm-140,KHM 140,KHM,Das Hausgesinde,Household Servants,1940,,"Type 1940, Extraordinary Names",,1812/15,https://de.wikisource.org/wiki/Das_Hausgesinde
khm-141,KHM 141,KHM,Das Lämmchen und Fischchen,The Little Lamb and the Little Fish,450,,"Type 450, Little Brother, Little Sister",,1812/15,https://de.wikisource.org/wiki/Das_Lämmchen_und_Fischchen
khm-142,KHM 142,KHM,Simeliberg,Simeli Mountain,676,,"Type 676, Open Sesame",676,1812/15,https://de.wikisource.org/wiki/Simeliberg
khm-143,KHM 143,KHM,Up Reisen gohn,Going Traveling,1696,,"Type 1696, What Should I Have Said?",1696,1819,https://de.wikisource.org/wiki/Up_Reisen_gohn
khm-144,KHM 144,KHM,Das Eselein,The Little Donkey,430,,"Type 430, The Donkey Bridegroom",430,1812/15,https://de.wikisource.org/wiki/Das_Eselein
khm-145,KHM 145,KHM,Der undankbare Sohn,The Ungrateful Son,980D,,"Type 980D, A Toad in the Face of an Ungrateful Son",,1812/15,https://de.wikisource.org/wiki/Der_undankbare_Sohn
khm-146,KHM 146,KHM,Die Rübe,The Turnip,1737,,"Types 1960D, The Giant Vegetable; and 1689A, Two Presents for the King. Includes an episode of type 1737, Trading Places with the Trickster in a Sack",1960 D,1812/15,https://de.wikisource.org/wiki/Die_Rübe
khm-147,KHM 147,KHM,Das junggeglühte Männlein,The Little Old Man Made Young by Fire,753,,"Type 753, Christ and the Smith",753,1812/15,https://de.wikisource.org/wiki/Das_junggeglühte_Männlein
khm-148,KHM 148,KHM,Des Herrn und des Teufels Getier,The Lord's Animals and the Devil's,,,,,1812/15,https://de.wikisource.org/wiki/Des_Herrn_und_des_Teufels_Getier
khm-149,KHM 149,KHM,Der Hahnenbalken,The Rooster Beam,987,1290,"Type 987, False Magician Exposed by Clever Girl. Includes an episode similar to type 1290, A Fool Mistakes a Flax Field for a Lake",,1812/15,https://de.wikisource.org/wiki/Der_Hahnenbalken
khm-150,KHM 150,KHM,Die alte Bettelfrau,The Old Beggar Woman,,,,,1812/15,https://de.wikisource.org/wiki/Die_alte_Bettelfrau
khm-151,KHM 151,KHM,Die drei Faulen,The Three Lazy Ones,1950,,"Type 1950, A Contest in Laziness",1950,1812/15,https://de.wikisource.org/wiki/Die_drei_Faulen
khm-151a,KHM 151a,KHM,Die zwölf faulen Knechte,The Twelve Lazy Servants,1950,,"Type 1950, A Contest in Laziness",1950,1857,https://de.wikisource.org/wiki/Die_zwölf_faulen_Knechte
khm-152,KHM 152,KHM,Das Hirtenbüblein,The Little Shepherd Boy,922,,"Type 922, The King, the Abbot, and the Shepherd",922,1819,https://de.wikisource.org/wiki/Das_Hirtenbüblein
khm-153,KHM 153,KHM,Die Sterntaler,The Star Talers,779,,"Type 779, Divine Rewards and Punishments",,1812/15,https://de.wikisource.org/wiki/Das_arme_Mädchen
khm-154,KHM 154,KHM,Der gestohlene Heller,The Stolen Farthing,769,,"Type 769, A Child Returns from the Dead",,1812/15,https://de.wikisource.org/wiki/Der_gestohlene_Heller
khm-155,KHM 155,KHM,Die Brautschau,Choosing a Bride,1452,,"Type 1452, Choosing a Bride by How She Cuts Cheese",1452; 1453,1819,https://de.wikisource.org/wiki/Die_Brautschau
khm-156,KHM 156,KHM,Die Schlickerlinge,The Hurds,1451,,"Type 1451, A Suitor Chooses the Thrifty Girl",1451,1819,https://de.wikisource.org/wiki/Die_Schlickerlinge
khm-157,KHM 157,KHM,Der Sperling und seine vier Kinder,The Sparrow and His Four Children,157,,"Similar to type 157, Learning to Fear Man",,1812/15,https://de.wikisource.org/wiki/Der_Sperling_und_seine_vier_Kinder
khm-158,KHM 158,KHM,Das Märchen vom Schlauraffenland,The Tale of Cockaigne,1930,,Type 1930,1930,1812/15,https://de.wikisource.org/wiki/Das_Märchen_vom_Schlauraffenland
khm-159,KHM 159,KHM,Das Diethmarsische Lügenmärchen,The Tall Tale from Ditmarsh,1930,,"Type 1930, Schlaraffenland",1930,1812/15,https://de.wikisource.org/wiki/Das_Dietmarsische_Lügenmärchen
khm-160,KHM 160,KHM,Rätselmärchen,A Riddling Tale,407,,"Type 407, The Girl as a Flower",407,1812/15,https://de.wikisource.org/wiki/Rätselmärchen
khm-161,KHM 161,KHM,Schneeweißchen und Rosenrot,Snow-White and Rose-Red,426,,"Type 426, The Two Girls, the Bear, and the Dwarf",426,1837,https://de.wikisource.org/wiki/Schneeweißchen_und_Rosenrot
khm-162,KHM 162,KHM,Der kluge Knecht,The Clever Servant,1681B,,"Similar to type 1681B, The Fool as a Housekeeper",,1837,https://de.wikisource.org/wiki/Der_kluge_Knecht
khm-163,KHM 163,KHM,Der gläserne Sarg,The Glass Coffin,410,,"Type 410, Sleeping Beauty",,1837,https://de.wikisource.org/wiki/Der_gläserne_Sarg
khm-164,KHM 164,KHM,Der faule Heinz,Lazy Heinz,1430,,"Type 1430, Air Castles",1430,1837,https://de.wikisource.org/wiki/Der_faule_Heinz
khm-165,KHM 165,KHM,Der Vogel Greif,The Griffin,,,"Types 610, Fruit to Cure the Princess; 461, Three Hairs from the Devil; and 570, The Rabbit Herd",610,1837,https://de.wikisource.org/wiki/Der_Vogel_Greif
khm-166,KHM 166,KHM,Der starke Hans,Strong Hans,650A,301A,"Type 650A, The Young Giant; and type 301A, The Quest for the Vanished Princesses",301 B,1837,https://de.wikisource.org/wiki/Der_starke_Hans
khm-167,KHM 167,KHM,Das Bürle im Himmel,The Peasant in Heaven,802,,Type 802,802,1837,https://de.wikisource.org/wiki/Das_Bürle_im_Himmel
khm-168,KHM 168,KHM,Die hagere Liese,Lean Lisa,1430,2411,"Type 1430, Air Castles. Includes an episode of type 2411, Counting Imagined Wealth.",1430,1840,https://de.wikisource.org/wiki/Die_hagere_Liese
khm-169,KHM 169,KHM,Das Waldhaus,The Hut in the Woods,431,,Type 431,431,1840,https://de.wikisource.org/wiki/Das_Waldhaus
khm-170,KHM 170,KHM,Lieb und Leid teilen,Sharing Joy and Sorrow,921D*,,"Similar to type 921D*, Witty Answers",,1840,https://de.wikisource.org/wiki/Lieb_und_Leid_teilen
khm-171,KHM 171,KHM,Der Zaunkönig,The Wren,221,,"Type 221, The Wren Becomes King of the Birds",221,1840,https://de.wikisource.org/wiki/Der_Zaunkönig
khm-172,KHM 172,KHM,Die Scholle,The Flounder,250A,,"Type 250A, The Flounder's Crooked Mouth",,1840,https://de.wikisource.org/wiki/Die_Scholle
khm-173,KHM 173,KHM,Rohrdommel und Wiedehopf,The Bittern and Hoopoe,236*,2075,"Type 236*, Imitating Bird Sounds. Compare type 2075, Imitating Animal Sounds",,1840,https://de.wikisource.org/wiki/Rohrdommel_und_Wiedehopf
khm-174,KHM 174,KHM,Die Eule,The Owl,1281,,"Type 1281, Burning the Barn to Destroy an Unknown Animal",1281,1840,https://de.wikisource.org/wiki/Die_Eule
khm-175,KHM 175,KHM,Der Mond,The Moon,,,,,1857,https://de.wikisource.org/wiki/Der_Mond
khm-176,KHM 176,KHM,Die Lebenszeit,The Duration of Life,,,"Types 173 and 828, Men, Animals, and the Span of Life. (Categorized under two different numbers by Aarne-Thompson)",,1840,https://de.wikisource.org/wiki/Die_Lebenszeit
khm-177,KHM 177,KHM,Die Boten des Todes,Death's Messengers,335,,Type 335,,1840,https://de.wikisource.org/wiki/Die_Boten_des_Todes
khm-178,KHM 178,KHM,Meister Pfriem,Master Pfriem,801,1248,"Type 801. Includes an episode of type 1248, Loading a Beam Crosswise on a Wagon",801,1843,https://de.wikisource.org/wiki/Meister_Pfriem
khm-179,KHM 179,KHM,Die Gänsehirtin am Brunnen,The Goose-Girl at the Well,923,,"Type 923, Love Like Salt",923,1843,https://de.wikisource.org/wiki/Die_Gänsehirtin_am_Brunnen
khm-180,KHM 180,KHM,Die ungleichen Kinder Evas,Eve's Unequal Children,758,,Type 758,,1843,https://de.wikisource.org/wiki/Die_ungleichen_Kinder_Evas
khm-181,KHM 181,KHM,Die Nixe im Teich,The Nixie in the Pond,316,,Type 316,316,1843,https://de.wikisource.org/wiki/Die_Nixe_im_Teich
khm-182,KHM 182,KHM,Die Geschenke des kleinen Volkes,The Gifts of the Little People,503,,"Type 503, The Hunchbacks and the Elves",,1850,https://de.wikisource.org/wiki/Die_Geschenke_des_kleinen_Volkes
khm-183,KHM 183,KHM,Der Riese und der Schneider,The Giant and the Tailor,1049,,"Type 1049, The Heavy Ax; 1053, Shooting Wild Boars; and 1051, Springing with a Bent Tree",,1843,https://de.wikisource.org/wiki/Der_Riese_und_der_Schneider
khm-184,KHM 184,KHM,Der Nagel,The Nail,2039,,"Type 2039, The Lost Horseshoe Nail",,1843,https://de.wikisource.org/wiki/Der_Nagel
khm-185,KHM 185,KHM,Der arme Junge im Grab,The Poor Boy in the Grave,1876,1313,"Episodes include type 1876, Chickens on a String, and type 1313, The Man Who Thought He Was Dead",1876,1843,https://de.wikisource.org/wiki/Der_arme_Junge_im_Grab
khm-186,KHM 186,KHM,Die wahre Braut,The True Bride,510,884,"Type 510, The Persecuted Heroine; followed by type 884, The Forsaken Fiancée",313 C,1843,https://de.wikisource.org/wiki/Die_wahre_Braut
khm-187,KHM 187,KHM,Der Hase und der Igel. This link is to a High German translation of the Grimms' original Low German text.,The Hare and the Hedgehog,275A*,1074,"Type 275A*, The Race between the Hedgehog and the Hare. Compare type 1074, A Race Is Won by a Look-Alike Helper",275,1843,https://de.wikisource.org/wiki/Der_Hase_und_der_Igel
khm-188,KHM 188,KHM,"Spindel, Weberschiffchen und Nadel","Spindle, Shuttle, and Needle",585,,Type 585,585,1843,"https://de.wikisource.org/wiki/Spindel,_Weberschiffchen_und_Nadel"
khm-189,KHM 189,KHM,Der Bauer und der Teufel,The Peasant and the Devil,1030,,"Type 1030, Man and Ogre Share the Harvest",,1843,https://de.wikisource.org/wiki/Der_Bauer_und_der_Teufel
khm-190,KHM 190,KHM,Die Brosamen auf dem Tisch,The Crumbs on the Table,236*,2075,"Type 236*, Imitating Bird Sounds. Compare type 2075, Imitating Animal Sounds",,1843,https://de.wikisource.org/wiki/Die_Brosamen_auf_dem_Tisch
khm-191,KHM 191,KHM,Das Meerhäschen,The Rabbit,554,,"Type 554, The Grateful Animals. Similar to 851, Winning the Princess with a Riddle",329,1857,https://de.wikisource.org/wiki/Das_Meerhäschen
khm-192,KHM 192,KHM,Der Meisterdieb,The Master Thief,1525A,,"Type 1525A, Stealing the Count's Horse, Sheet, and Parson",1525 A,1843,https://de.wikisource.org/wiki/Der_Meisterdieb
khm-193,KHM 193,KHM,Der Trommler,The Drummer,400,313; 518,"Type 400, The Quest for a Lost Bride; and type 313, The Girl Helps the Hero Flee; the Forgotten Fiancée. Includes an episode of type 518, Quarreling Giants Lose Their Magic Objects",400; 313 C,1843,https://de.wikisource.org/wiki/Der_Trommler
khm-194,KHM 194,KHM,Die Kornähre,The Ear of Grain,779,,"Type 779, Divine Rewards and Punishments",,1850,https://de.wikisource.org/wiki/Die_Kornähre
khm-195,KHM 195,KHM,Der Grabhügel,The Grave Mound,815,1130,"Similar to type 815, Keeping Watch at a Rich Man's Grave. Contains an episode of type 1130, A Boot Full of Money",,1850,https://de.wikisource.org/wiki/Der_Grabhügel
khm-196,KHM 196,KHM,Oll Rinkrank,Old Rinkrank,311,,"Similar to type 311, The Heroine Rescues Herself and Her Sisters",,1850,https://de.wikisource.org/wiki/Oll_Rinkrank
khm-197,KHM 197,KHM,Die Kristallkugel,The Crystal Ball,552A,302; 518,"Type 552A, The Girls Who Married Animals. Includes episodes of type 302, The Giant Whose Heart Was in an Egg, and type 518, Quarreling Giants Lose Their Magic Objects",302,1850,https://de.wikisource.org/wiki/Die_Kristallkugel
khm-198,KHM 198,KHM,Jungfrau Maleen,Maid Maleen,870,,"Type 870, The Entombed Princess",870,1850,https://de.wikisource.org/wiki/Jungfrau_Maleen
khm-199,KHM 199,KHM,Der Stiefel von Büffelleder,The Boot of Buffalo Leather,952,,"Type 952, The King and the Soldier",952,1850,https://de.wikisource.org/wiki/Der_Stiefel_von_Büffelleder
khm-200,KHM 200,KHM,Der goldene Schlüssel,The Golden Key,2260,,Type 2260,,1812/15,https://de.wikisource.org/wiki/Der_goldene_Schlüssel
kl-01,KL 1,KL,Der heilige Joseph im Walde,St. Joseph in the Woods,480,,"Type 480, The Kind and the Unkind Girls",,,
kl-02,KL 2,KL,Die zwölf Apostel,The Twelve Apostles,766,,"Similar to type 766, The Magic Sleep",,,
kl-03,KL 3,KL,Die Rose,The Rose,,,,,,
kl-04,KL 4,KL,Armut und Demut führen zum Himmel,Poverty and Humility Lead to Heaven,,,,,,
kl-05,KL 5,KL,Gottes Speise,God's Food,751G*,,"Type 751G*, Bread Turned to Stone",,,
kl-06,KL 6,KL,Die drei grünen Zweige,The Three Green Branches,756A,,"Type 756A, Green Leaves on a Dry Stick",,,
kl-07,KL 7,KL,Muttergottesgläschen,Our Lady's Little Glass,,,,,,
kl-08,KL 8,KL,Die alte Mütterchen,The Aged Mother,,,,,,
kl-09,KL 9,KL,Die himmlische Hochzeit,The Heavenly Wedding,767,,"Type 767, Food for the Crucifix",,,
kl-10,KL 10,KL,Die Haselrute,The Hazel Switch,,,,,,
